{
	"info": {
		"_postman_id": "1484d782-3996-4005-bbac-9c273131591c",
		"name": "BookDetailsTask",
		"schema": "https://schema.getpostman.com/json/collection/v2.1.0/collection.json",
		"_exporter_id": "26077613"
	},
	"item": [
		{
			"name": "Get Book Details",
			"event": [
				{
					"listen": "test",
					"script": {
						"exec": [
							"// Verify status code is 200 OK\r",
							"pm.test(\"Status code is 200\", function () {\r",
							"    pm.response.to.have.status(200);\r",
							"});\r",
							"\r",
							"// Parse response body as JSON\r",
							"var jsonData = pm.response.json();\r",
							"\r",
							"// I defined the expected book details\r",
							"var expectedBooks = [\r",
							"    {\"id\":1,\"name\":\"The Russian\",\"type\":\"fiction\",\"available\":true},\r",
							"    {\"id\":2,\"name\":\"Just as I Am\",\"type\":\"non-fiction\",\"available\":false},\r",
							"    {\"id\":3,\"name\":\"The Vanishing Half\",\"type\":\"fiction\",\"available\":true},\r",
							"    {\"id\":4,\"name\":\"The Midnight Library\",\"type\":\"fiction\",\"available\":true},\r",
							"    {\"id\":5,\"name\":\"Untamed\",\"type\":\"non-fiction\",\"available\":true},\r",
							"    {\"id\":6,\"name\":\"Viscount Who Loved Me\",\"type\":\"fiction\",\"available\":true}\r",
							"];\r",
							"\r",
							"// Verify that all expected books are present in the response\r",
							"pm.test(\"All expected books are present\", function() {\r",
							"    pm.expect(jsonData).to.eql(expectedBooks);\r",
							"});\r",
							"\r",
							"// Verify that at least two properties of each book are present in the response\r",
							"pm.test(\"Each book contains the right id\", function() {\r",
							"    jsonData.forEach(function(book) {\r",
							"        pm.expect(book).to.have.property('id');\r",
							"    });\r",
							"});\r",
							"\r",
							"pm.test(\"Each book contains the right name\", function() {\r",
							"    jsonData.forEach(function(book) {\r",
							"        pm.expect(book).to.have.property('name');\r",
							"    });\r",
							"});\r",
							"\r",
							"pm.test(\"Each book contains the right type\", function() {\r",
							"    jsonData.forEach(function(book) {\r",
							"        pm.expect(book).to.have.property('type');\r",
							"    });\r",
							"});\r",
							"\r",
							"pm.test(\"Each book contains the right availability\", function() {\r",
							"    jsonData.forEach(function(book) {\r",
							"        pm.expect(book).to.have.property('available');\r",
							"    });\r",
							"});"
						],
						"type": "text/javascript"
					}
				}
			],
			"request": {
				"method": "GET",
				"header": [],
				"url": {
					"raw": "https://simple-books-api.glitch.me/books",
					"protocol": "https",
					"host": [
						"simple-books-api",
						"glitch",
						"me"
					],
					"path": [
						"books"
					]
				}
			},
			"response": []
		}
	]
}